district,soil_type,pH,N_mg_per_kg,P_mg_per_kg,K_mg_per_kg,organic_carbon_pct,zinc_mg_per_kg,iron_mg_per_kg,copper_mg_per_kg,manganese_mg_per_kg,boron_mg_per_kg
AMBALA,Alluvial,7.7,12000.0,35.0,180.0,0.76,1.5,15.0,1.2,8.0,0.5
BHIWANI,Alluvial,7.7,12000.0,35.0,180.0,0.76,1.5,15.0,1.2,8.0,0.5
FARIDABAD,Alluvial,7.7,12000.0,35.0,180.0,0.76,1.5,15.0,1.2,8.0,0.5
FATEHABAD,Alluvial,7.7,12000.0,35.0,180.0,0.76,1.5,15.0,1.2,8.0,0.5
GURGAON,Alluvial,7.7,12000.0,35.0,180.0,0.76,1.5,15.0,1.2,8.0,0.5
HISAR,Alluvial,7.7,12000.0,35.0,180.0,0.76,1.5,15.0,1.2,8.0,0.5
JHAJJAR,Alluvial,7.7,12000.0,35.0,180.0,0.76,1.5,15.0,1.2,8.0,0.5
JIND,Alluvial,7.7,12000.0,35.0,180.0,0.76,1.5,15.0,1.2,8.0,0.5
KAITHAL,Alluvial,7.7,12000.0,35.0,180.0,0.76,1.5,15.0,1.2,8.0,0.5
KARNAL,Alluvial,7.7,12000.0,35.0,180.0,0.76,1.5,15.0,1.2,8.0,0.5
KURUKSHETRA,Alluvial,7.7,12000.0,35.0,180.0,0.76,1.5,15.0,1.2,8.0,0.5
MAHENDRAGARH,Alluvial,7.7,12000.0,35.0,180.0,0.76,1.5,15.0,1.2,8.0,0.5
MEWAT,Alluvial,7.7,12000.0,35.0,180.0,0.76,1.5,15.0,1.2,8.0,0.5
PALWAL,Alluvial,7.7,12000.0,35.0,180.0,0.76,1.5,15.0,1.2,8.0,0.5
PANCHKULA,Alluvial,7.7,12000.0,35.0,180.0,0.76,1.5,15.0,1.2,8.0,0.5
PANIPAT,Alluvial,7.7,12000.0,35.0,180.0,0.76,1.5,15.0,1.2,8.0,0.5
REWARI,Alluvial,7.7,12000.0,35.0,180.0,0.76,1.5,15.0,1.2,8.0,0.5
ROHTAK,Alluvial,7.7,12000.0,35.0,180.0,0.76,1.5,15.0,1.2,8.0,0.5
SIRSA,Alluvial,7.7,12000.0,35.0,180.0,0.76,1.5,15.0,1.2,8.0,0.5
SONIPAT,Alluvial,7.7,12000.0,35.0,180.0,0.76,1.5,15.0,1.2,8.0,0.5
YAMUNANAGAR,Alluvial,7.7,12000.0,35.0,180.0,0.76,1.5,15.0,1.2,8.0,0.5
AHMADABAD,Black,7.2,13400.0,35.0,180.0,0.9,1.5,15.0,1.2,8.0,0.5
AMRELI,Black,7.2,13400.0,35.0,180.0,0.9,1.5,15.0,1.2,8.0,0.5
ANAND,Black,7.2,13400.0,35.0,180.0,0.9,1.5,15.0,1.2,8.0,0.5
BANAS KANTHA,Black,7.2,13400.0,35.0,180.0,0.9,1.5,15.0,1.2,8.0,0.5
BHARUCH,Black,7.2,13400.0,35.0,180.0,0.9,1.5,15.0,1.2,8.0,0.5
BHAVNAGAR,Black,7.2,13400.0,35.0,180.0,0.9,1.5,15.0,1.2,8.0,0.5
DANG,Black,7.2,13400.0,35.0,180.0,0.9,1.5,15.0,1.2,8.0,0.5
DOHAD,Black,7.2,13400.0,35.0,180.0,0.9,1.5,15.0,1.2,8.0,0.5
GANDHINAGAR,Black,7.2,13400.0,35.0,180.0,0.9,1.5,15.0,1.2,8.0,0.5
JAMNAGAR,Black,7.2,13400.0,35.0,180.0,0.9,1.5,15.0,1.2,8.0,0.5
JUNAGADH,Black,7.2,13400.0,35.0,180.0,0.9,1.5,15.0,1.2,8.0,0.5
KACHCHH,Black,7.2,13400.0,35.0,180.0,0.9,1.5,15.0,1.2,8.0,0.5
KHEDA,Black,7.2,13400.0,35.0,180.0,0.9,1.5,15.0,1.2,8.0,0.5
MAHESANA,Black,7.2,13400.0,35.0,180.0,0.9,1.5,15.0,1.2,8.0,0.5
NARMADA,Black,7.2,13400.0,35.0,180.0,0.9,1.5,15.0,1.2,8.0,0.5
NAVSARI,Black,7.2,13400.0,35.0,180.0,0.9,1.5,15.0,1.2,8.0,0.5
PANCH MAHALS,Black,7.2,13400.0,35.0,180.0,0.9,1.5,15.0,1.2,8.0,0.5
PATAN,Black,7.2,13400.0,35.0,180.0,0.9,1.5,15.0,1.2,8.0,0.5
PORBANDAR,Black,7.2,13400.0,35.0,180.0,0.9,1.5,15.0,1.2,8.0,0.5
RAJKOT,Black,7.2,13400.0,35.0,180.0,0.9,1.5,15.0,1.2,8.0,0.5
SABAR KANTHA,Black,7.2,13400.0,35.0,180.0,0.9,1.5,15.0,1.2,8.0,0.5
SURAT,Black,7.2,13400.0,35.0,180.0,0.9,1.5,15.0,1.2,8.0,0.5
SURENDRANAGAR,Black,7.2,13400.0,35.0,180.0,0.9,1.5,15.0,1.2,8.0,0.5
TAPI,Black,7.2,13400.0,35.0,180.0,0.9,1.5,15.0,1.2,8.0,0.5
VADODARA,Black,7.2,13400.0,35.0,180.0,0.9,1.5,15.0,1.2,8.0,0.5
VALSAD,Black,7.2,13400.0,35.0,180.0,0.9,1.5,15.0,1.2,8.0,0.5
ANANTAPUR,Red,6.8,22500.0,35.0,180.0,3.13,1.5,15.0,1.2,8.0,0.5
CHITTOOR,Red,6.8,22500.0,35.0,180.0,3.13,1.5,15.0,1.2,8.0,0.5
EAST GODAVARI,Red,6.8,22500.0,35.0,180.0,3.13,1.5,15.0,1.2,8.0,0.5
GUNTUR,Red,6.8,22500.0,35.0,180.0,3.13,1.5,15.0,1.2,8.0,0.5
KADAPA,Red,6.8,22500.0,35.0,180.0,3.13,1.5,15.0,1.2,8.0,0.5
KRISHNA,Red,6.8,22500.0,35.0,180.0,3.13,1.5,15.0,1.2,8.0,0.5
KURNOOL,Red,6.8,22500.0,35.0,180.0,3.13,1.5,15.0,1.2,8.0,0.5
PRAKASAM,Red,6.8,22500.0,35.0,180.0,3.13,1.5,15.0,1.2,8.0,0.5
SPSR NELLORE,Red,6.8,22500.0,35.0,180.0,3.13,1.5,15.0,1.2,8.0,0.5
SRIKAKULAM,Red,6.8,22500.0,35.0,180.0,3.13,1.5,15.0,1.2,8.0,0.5
VISAKHAPATANAM,Red,6.8,22500.0,35.0,180.0,3.13,1.5,15.0,1.2,8.0,0.5
VIZIANAGARAM,Red,6.8,22500.0,35.0,180.0,3.13,1.5,15.0,1.2,8.0,0.5
WEST GODAVARI,Red,6.8,22500.0,35.0,180.0,3.13,1.5,15.0,1.2,8.0,0.5
BILASPUR,Mountain,6.2,47200.0,35.0,180.0,5.7,1.5,15.0,1.2,8.0,0.5
CHAMBA,Mountain,6.2,47200.0,35.0,180.0,5.7,1.5,15.0,1.2,8.0,0.5
HAMIRPUR,Mountain,6.2,47200.0,35.0,180.0,5.7,1.5,15.0,1.2,8.0,0.5
KANGRA,Mountain,6.2,47200.0,35.0,180.0,5.7,1.5,15.0,1.2,8.0,0.5
KINNAUR,Mountain,6.2,47200.0,35.0,180.0,5.7,1.5,15.0,1.2,8.0,0.5
KULLU,Mountain,6.2,47200.0,35.0,180.0,5.7,1.5,15.0,1.2,8.0,0.5
LAHUL AND SPITI,Mountain,6.2,47200.0,35.0,180.0,5.7,1.5,15.0,1.2,8.0,0.5
MANDI,Mountain,6.2,47200.0,35.0,180.0,5.7,1.5,15.0,1.2,8.0,0.5
SHIMLA,Mountain,6.2,47200.0,35.0,180.0,5.7,1.5,15.0,1.2,8.0,0.5
SIRMAUR,Mountain,6.2,47200.0,35.0,180.0,5.7,1.5,15.0,1.2,8.0,0.5
SOLAN,Mountain,6.2,47200.0,35.0,180.0,5.7,1.5,15.0,1.2,8.0,0.5
UNA,Mountain,6.2,47200.0,35.0,180.0,5.7,1.5,15.0,1.2,8.0,0.5
BAKSA,Alluvial,5.4,39000.0,35.0,180.0,3.31,1.5,15.0,1.2,8.0,0.5
BARPETA,Alluvial,5.4,39000.0,35.0,180.0,3.31,1.5,15.0,1.2,8.0,0.5
BONGAIGAON,Alluvial,5.4,39000.0,35.0,180.0,3.31,1.5,15.0,1.2,8.0,0.5
CACHAR,Alluvial,5.4,39000.0,35.0,180.0,3.31,1.5,15.0,1.2,8.0,0.5
CHIRANG,Alluvial,5.4,39000.0,35.0,180.0,3.31,1.5,15.0,1.2,8.0,0.5
DARRANG,Alluvial,5.4,39000.0,35.0,180.0,3.31,1.5,15.0,1.2,8.0,0.5
DHEMAJI,Alluvial,5.4,39000.0,35.0,180.0,3.31,1.5,15.0,1.2,8.0,0.5
DHUBRI,Alluvial,5.4,39000.0,35.0,180.0,3.31,1.5,15.0,1.2,8.0,0.5
DIBRUGARH,Alluvial,5.4,39000.0,35.0,180.0,3.31,1.5,15.0,1.2,8.0,0.5
DIMA HASAO,Alluvial,5.4,39000.0,35.0,180.0,3.31,1.5,15.0,1.2,8.0,0.5
GOALPARA,Alluvial,5.4,39000.0,35.0,180.0,3.31,1.5,15.0,1.2,8.0,0.5
GOLAGHAT,Alluvial,5.4,39000.0,35.0,180.0,3.31,1.5,15.0,1.2,8.0,0.5
HAILAKANDI,Alluvial,5.4,39000.0,35.0,180.0,3.31,1.5,15.0,1.2,8.0,0.5
JORHAT,Alluvial,5.4,39000.0,35.0,180.0,3.31,1.5,15.0,1.2,8.0,0.5
KAMRUP,Alluvial,5.4,39000.0,35.0,180.0,3.31,1.5,15.0,1.2,8.0,0.5
KAMRUP METRO,Alluvial,5.4,39000.0,35.0,180.0,3.31,1.5,15.0,1.2,8.0,0.5
KARBI ANGLONG,Alluvial,5.4,39000.0,35.0,180.0,3.31,1.5,15.0,1.2,8.0,0.5
KARIMGANJ,Alluvial,5.4,39000.0,35.0,180.0,3.31,1.5,15.0,1.2,8.0,0.5
KOKRAJHAR,Alluvial,5.4,39000.0,35.0,180.0,3.31,1.5,15.0,1.2,8.0,0.5
LAKHIMPUR,Alluvial,5.4,39000.0,35.0,180.0,3.31,1.5,15.0,1.2,8.0,0.5
MARIGAON,Alluvial,5.4,39000.0,35.0,180.0,3.31,1.5,15.0,1.2,8.0,0.5
NAGAON,Alluvial,5.4,39000.0,35.0,180.0,3.31,1.5,15.0,1.2,8.0,0.5
NALBARI,Alluvial,5.4,39000.0,35.0,180.0,3.31,1.5,15.0,1.2,8.0,0.5
SIVASAGAR,Alluvial,5.4,39000.0,35.0,180.0,3.31,1.5,15.0,1.2,8.0,0.5
SONITPUR,Alluvial,5.4,39000.0,35.0,180.0,3.31,1.5,15.0,1.2,8.0,0.5
TINSUKIA,Alluvial,5.4,39000.0,35.0,180.0,3.31,1.5,15.0,1.2,8.0,0.5
UDALGURI,Alluvial,5.4,39000.0,35.0,180.0,3.31,1.5,15.0,1.2,8.0,0.5
ANJAW,Mountain,5.6,58100.0,35.0,180.0,4.72,1.5,15.0,1.2,8.0,0.5
CHANGLANG,Mountain,5.6,58100.0,35.0,180.0,4.72,1.5,15.0,1.2,8.0,0.5
DIBANG VALLEY,Mountain,5.6,58100.0,35.0,180.0,4.72,1.5,15.0,1.2,8.0,0.5
EAST KAMENG,Mountain,5.6,58100.0,35.0,180.0,4.72,1.5,15.0,1.2,8.0,0.5
EAST SIANG,Mountain,5.6,58100.0,35.0,180.0,4.72,1.5,15.0,1.2,8.0,0.5
KURUNG KUMEY,Mountain,5.6,58100.0,35.0,180.0,4.72,1.5,15.0,1.2,8.0,0.5
LOHIT,Mountain,5.6,58100.0,35.0,180.0,4.72,1.5,15.0,1.2,8.0,0.5
LONGDING,Mountain,5.6,58100.0,35.0,180.0,4.72,1.5,15.0,1.2,8.0,0.5
LOWER DIBANG VALLEY,Mountain,5.6,58100.0,35.0,180.0,4.72,1.5,15.0,1.2,8.0,0.5
LOWER SUBANSIRI,Mountain,5.6,58100.0,35.0,180.0,4.72,1.5,15.0,1.2,8.0,0.5
NAMSAI,Mountain,5.6,58100.0,35.0,180.0,4.72,1.5,15.0,1.2,8.0,0.5
PAPUM PARE,Mountain,5.6,58100.0,35.0,180.0,4.72,1.5,15.0,1.2,8.0,0.5
TAWANG,Mountain,5.6,58100.0,35.0,180.0,4.72,1.5,15.0,1.2,8.0,0.5
TIRAP,Mountain,5.6,58100.0,35.0,180.0,4.72,1.5,15.0,1.2,8.0,0.5
UPPER SIANG,Mountain,5.6,58100.0,35.0,180.0,4.72,1.5,15.0,1.2,8.0,0.5
UPPER SUBANSIRI,Mountain,5.6,58100.0,35.0,180.0,4.72,1.5,15.0,1.2,8.0,0.5
WEST KAMENG,Mountain,5.6,58100.0,35.0,180.0,4.72,1.5,15.0,1.2,8.0,0.5
WEST SIANG,Mountain,5.6,58100.0,35.0,180.0,4.72,1.5,15.0,1.2,8.0,0.5
BALOD,Red,7.2,19100.0,35.0,180.0,1.58,1.5,15.0,1.2,8.0,0.5
BALODA BAZAR,Red,7.2,19100.0,35.0,180.0,1.58,1.5,15.0,1.2,8.0,0.5
BALRAMPUR,Red,7.2,19100.0,35.0,180.0,1.58,1.5,15.0,1.2,8.0,0.5
BASTAR,Red,7.2,19100.0,35.0,180.0,1.58,1.5,15.0,1.2,8.0,0.5
BEMETARA,Red,7.2,19100.0,35.0,180.0,1.58,1.5,15.0,1.2,8.0,0.5
BIJAPUR,Red,7.2,19100.0,35.0,180.0,1.58,1.5,15.0,1.2,8.0,0.5
BILASPUR,Red,7.2,19100.0,35.0,180.0,1.58,1.5,15.0,1.2,8.0,0.5
DANTEWADA,Red,7.2,19100.0,35.0,180.0,1.58,1.5,15.0,1.2,8.0,0.5
DHAMTARI,Red,7.2,19100.0,35.0,180.0,1.58,1.5,15.0,1.2,8.0,0.5
DURG,Red,7.2,19100.0,35.0,180.0,1.58,1.5,15.0,1.2,8.0,0.5
GARIYABAND,Red,7.2,19100.0,35.0,180.0,1.58,1.5,15.0,1.2,8.0,0.5
JANJGIR-CHAMPA,Red,7.2,19100.0,35.0,180.0,1.58,1.5,15.0,1.2,8.0,0.5
JASHPUR,Red,7.2,19100.0,35.0,180.0,1.58,1.5,15.0,1.2,8.0,0.5
KABIRDHAM,Red,7.2,19100.0,35.0,180.0,1.58,1.5,15.0,1.2,8.0,0.5
KANKER,Red,7.2,19100.0,35.0,180.0,1.58,1.5,15.0,1.2,8.0,0.5
KONDAGAON,Red,7.2,19100.0,35.0,180.0,1.58,1.5,15.0,1.2,8.0,0.5
KORBA,Red,7.2,19100.0,35.0,180.0,1.58,1.5,15.0,1.2,8.0,0.5
KOREA,Red,7.2,19100.0,35.0,180.0,1.58,1.5,15.0,1.2,8.0,0.5
MAHASAMUND,Red,7.2,19100.0,35.0,180.0,1.58,1.5,15.0,1.2,8.0,0.5
MUNGELI,Red,7.2,19100.0,35.0,180.0,1.58,1.5,15.0,1.2,8.0,0.5
NARAYANPUR,Red,7.2,19100.0,35.0,180.0,1.58,1.5,15.0,1.2,8.0,0.5
RAIGARH,Red,7.2,19100.0,35.0,180.0,1.58,1.5,15.0,1.2,8.0,0.5
RAIPUR,Red,7.2,19100.0,35.0,180.0,1.58,1.5,15.0,1.2,8.0,0.5
RAJNANDGAON,Red,7.2,19100.0,35.0,180.0,1.58,1.5,15.0,1.2,8.0,0.5
SUKMA,Red,7.2,19100.0,35.0,180.0,1.58,1.5,15.0,1.2,8.0,0.5
SURAJPUR,Red,7.2,19100.0,35.0,180.0,1.58,1.5,15.0,1.2,8.0,0.5
SURGUJA,Red,7.2,19100.0,35.0,180.0,1.58,1.5,15.0,1.2,8.0,0.5
BAGALKOT,Red,7.6,14400.0,35.0,180.0,1.91,1.5,15.0,1.2,8.0,0.5
BANGALORE RURAL,Red,7.6,14400.0,35.0,180.0,1.91,1.5,15.0,1.2,8.0,0.5
BELGAUM,Red,7.6,14400.0,35.0,180.0,1.91,1.5,15.0,1.2,8.0,0.5
BELLARY,Red,7.6,14400.0,35.0,180.0,1.91,1.5,15.0,1.2,8.0,0.5
BENGALURU URBAN,Red,7.6,14400.0,35.0,180.0,1.91,1.5,15.0,1.2,8.0,0.5
BIDAR,Red,7.6,14400.0,35.0,180.0,1.91,1.5,15.0,1.2,8.0,0.5
BIJAPUR,Red,7.6,14400.0,35.0,180.0,1.91,1.5,15.0,1.2,8.0,0.5
CHAMARAJANAGAR,Red,7.6,14400.0,35.0,180.0,1.91,1.5,15.0,1.2,8.0,0.5
CHIKBALLAPUR,Red,7.6,14400.0,35.0,180.0,1.91,1.5,15.0,1.2,8.0,0.5
CHIKMAGALUR,Red,7.6,14400.0,35.0,180.0,1.91,1.5,15.0,1.2,8.0,0.5
CHITRADURGA,Red,7.6,14400.0,35.0,180.0,1.91,1.5,15.0,1.2,8.0,0.5
DAKSHIN KANNAD,Red,7.6,14400.0,35.0,180.0,1.91,1.5,15.0,1.2,8.0,0.5
DAVANGERE,Red,7.6,14400.0,35.0,180.0,1.91,1.5,15.0,1.2,8.0,0.5
DHARWAD,Red,7.6,14400.0,35.0,180.0,1.91,1.5,15.0,1.2,8.0,0.5
GADAG,Red,7.6,14400.0,35.0,180.0,1.91,1.5,15.0,1.2,8.0,0.5
GULBARGA,Red,7.6,14400.0,35.0,180.0,1.91,1.5,15.0,1.2,8.0,0.5
HASSAN,Red,7.6,14400.0,35.0,180.0,1.91,1.5,15.0,1.2,8.0,0.5
HAVERI,Red,7.6,14400.0,35.0,180.0,1.91,1.5,15.0,1.2,8.0,0.5
KODAGU,Red,7.6,14400.0,35.0,180.0,1.91,1.5,15.0,1.2,8.0,0.5
KOLAR,Red,7.6,14400.0,35.0,180.0,1.91,1.5,15.0,1.2,8.0,0.5
KOPPAL,Red,7.6,14400.0,35.0,180.0,1.91,1.5,15.0,1.2,8.0,0.5
MANDYA,Red,7.6,14400.0,35.0,180.0,1.91,1.5,15.0,1.2,8.0,0.5
MYSORE,Red,7.6,14400.0,35.0,180.0,1.91,1.5,15.0,1.2,8.0,0.5
RAICHUR,Red,7.6,14400.0,35.0,180.0,1.91,1.5,15.0,1.2,8.0,0.5
RAMANAGARA,Red,7.6,14400.0,35.0,180.0,1.91,1.5,15.0,1.2,8.0,0.5
SHIMOGA,Red,7.6,14400.0,35.0,180.0,1.91,1.5,15.0,1.2,8.0,0.5
TUMKUR,Red,7.6,14400.0,35.0,180.0,1.91,1.5,15.0,1.2,8.0,0.5
UDUPI,Red,7.6,14400.0,35.0,180.0,1.91,1.5,15.0,1.2,8.0,0.5
UTTAR KANNAD,Red,7.6,14400.0,35.0,180.0,1.91,1.5,15.0,1.2,8.0,0.5
YADGIR,Red,7.6,14400.0,35.0,180.0,1.91,1.5,15.0,1.2,8.0,0.5
BISHNUPUR,Mountain,5.7,21200.0,35.0,180.0,2.81,1.5,15.0,1.2,8.0,0.5
CHANDEL,Mountain,5.7,21200.0,35.0,180.0,2.81,1.5,15.0,1.2,8.0,0.5
CHURACHANDPUR,Mountain,5.7,21200.0,35.0,180.0,2.81,1.5,15.0,1.2,8.0,0.5
IMPHAL EAST,Mountain,5.7,21200.0,35.0,180.0,2.81,1.5,15.0,1.2,8.0,0.5
IMPHAL WEST,Mountain,5.7,21200.0,35.0,180.0,2.81,1.5,15.0,1.2,8.0,0.5
SENAPATI,Mountain,5.7,21200.0,35.0,180.0,2.81,1.5,15.0,1.2,8.0,0.5
TAMENGLONG,Mountain,5.7,21200.0,35.0,180.0,2.81,1.5,15.0,1.2,8.0,0.5
THOUBAL,Mountain,5.7,21200.0,35.0,180.0,2.81,1.5,15.0,1.2,8.0,0.5
UKHRUL,Mountain,5.7,21200.0,35.0,180.0,2.81,1.5,15.0,1.2,8.0,0.5
ARARIA,Alluvial,6.3,31600.0,35.0,180.0,2.95,1.5,15.0,1.2,8.0,0.5
ARWAL,Alluvial,6.3,31600.0,35.0,180.0,2.95,1.5,15.0,1.2,8.0,0.5
AURANGABAD,Alluvial,6.3,31600.0,35.0,180.0,2.95,1.5,15.0,1.2,8.0,0.5
BANKA,Alluvial,6.3,31600.0,35.0,180.0,2.95,1.5,15.0,1.2,8.0,0.5
BEGUSARAI,Alluvial,6.3,31600.0,35.0,180.0,2.95,1.5,15.0,1.2,8.0,0.5
BHAGALPUR,Alluvial,6.3,31600.0,35.0,180.0,2.95,1.5,15.0,1.2,8.0,0.5
BHOJPUR,Alluvial,6.3,31600.0,35.0,180.0,2.95,1.5,15.0,1.2,8.0,0.5
BUXAR,Alluvial,6.3,31600.0,35.0,180.0,2.95,1.5,15.0,1.2,8.0,0.5
DARBHANGA,Alluvial,6.3,31600.0,35.0,180.0,2.95,1.5,15.0,1.2,8.0,0.5
GAYA,Alluvial,6.3,31600.0,35.0,180.0,2.95,1.5,15.0,1.2,8.0,0.5
GOPALGANJ,Alluvial,6.3,31600.0,35.0,180.0,2.95,1.5,15.0,1.2,8.0,0.5
JAMUI,Alluvial,6.3,31600.0,35.0,180.0,2.95,1.5,15.0,1.2,8.0,0.5
JEHANABAD,Alluvial,6.3,31600.0,35.0,180.0,2.95,1.5,15.0,1.2,8.0,0.5
KAIMUR (BHABUA),Alluvial,6.3,31600.0,35.0,180.0,2.95,1.5,15.0,1.2,8.0,0.5
KATIHAR,Alluvial,6.3,31600.0,35.0,180.0,2.95,1.5,15.0,1.2,8.0,0.5
KHAGARIA,Alluvial,6.3,31600.0,35.0,180.0,2.95,1.5,15.0,1.2,8.0,0.5
KISHANGANJ,Alluvial,6.3,31600.0,35.0,180.0,2.95,1.5,15.0,1.2,8.0,0.5
LAKHISARAI,Alluvial,6.3,31600.0,35.0,180.0,2.95,1.5,15.0,1.2,8.0,0.5
MADHEPURA,Alluvial,6.3,31600.0,35.0,180.0,2.95,1.5,15.0,1.2,8.0,0.5
MADHUBANI,Alluvial,6.3,31600.0,35.0,180.0,2.95,1.5,15.0,1.2,8.0,0.5
MUNGER,Alluvial,6.3,31600.0,35.0,180.0,2.95,1.5,15.0,1.2,8.0,0.5
MUZAFFARPUR,Alluvial,6.3,31600.0,35.0,180.0,2.95,1.5,15.0,1.2,8.0,0.5
NALANDA,Alluvial,6.3,31600.0,35.0,180.0,2.95,1.5,15.0,1.2,8.0,0.5
NAWADA,Alluvial,6.3,31600.0,35.0,180.0,2.95,1.5,15.0,1.2,8.0,0.5
PASHCHIM CHAMPARAN,Alluvial,6.3,31600.0,35.0,180.0,2.95,1.5,15.0,1.2,8.0,0.5
PATNA,Alluvial,6.3,31600.0,35.0,180.0,2.95,1.5,15.0,1.2,8.0,0.5
PURBI CHAMPARAN,Alluvial,6.3,31600.0,35.0,180.0,2.95,1.5,15.0,1.2,8.0,0.5
PURNIA,Alluvial,6.3,31600.0,35.0,180.0,2.95,1.5,15.0,1.2,8.0,0.5
ROHTAS,Alluvial,6.3,31600.0,35.0,180.0,2.95,1.5,15.0,1.2,8.0,0.5
SAHARSA,Alluvial,6.3,31600.0,35.0,180.0,2.95,1.5,15.0,1.2,8.0,0.5
SAMASTIPUR,Alluvial,6.3,31600.0,35.0,180.0,2.95,1.5,15.0,1.2,8.0,0.5
SARAN,Alluvial,6.3,31600.0,35.0,180.0,2.95,1.5,15.0,1.2,8.0,0.5
SHEIKHPURA,Alluvial,6.3,31600.0,35.0,180.0,2.95,1.5,15.0,1.2,8.0,0.5
SHEOHAR,Alluvial,6.3,31600.0,35.0,180.0,2.95,1.5,15.0,1.2,8.0,0.5
SITAMARHI,Alluvial,6.3,31600.0,35.0,180.0,2.95,1.5,15.0,1.2,8.0,0.5
SIWAN,Alluvial,6.3,31600.0,35.0,180.0,2.95,1.5,15.0,1.2,8.0,0.5
SUPAUL,Alluvial,6.3,31600.0,35.0,180.0,2.95,1.5,15.0,1.2,8.0,0.5
VAISHALI,Alluvial,6.3,31600.0,35.0,180.0,2.95,1.5,15.0,1.2,8.0,0.5
ALAPPUZHA,Laterite,5.4,28600.0,35.0,180.0,2.85,1.5,15.0,1.2,8.0,0.5
ERNAKULAM,Laterite,5.4,28600.0,35.0,180.0,2.85,1.5,15.0,1.2,8.0,0.5
IDUKKI,Laterite,5.4,28600.0,35.0,180.0,2.85,1.5,15.0,1.2,8.0,0.5
KANNUR,Laterite,5.4,28600.0,35.0,180.0,2.85,1.5,15.0,1.2,8.0,0.5
KASARAGOD,Laterite,5.4,28600.0,35.0,180.0,2.85,1.5,15.0,1.2,8.0,0.5
KOLLAM,Laterite,5.4,28600.0,35.0,180.0,2.85,1.5,15.0,1.2,8.0,0.5
KOTTAYAM,Laterite,5.4,28600.0,35.0,180.0,2.85,1.5,15.0,1.2,8.0,0.5
KOZHIKODE,Laterite,5.4,28600.0,35.0,180.0,2.85,1.5,15.0,1.2,8.0,0.5
MALAPPURAM,Laterite,5.4,28600.0,35.0,180.0,2.85,1.5,15.0,1.2,8.0,0.5
PALAKKAD,Laterite,5.4,28600.0,35.0,180.0,2.85,1.5,15.0,1.2,8.0,0.5
PATHANAMTHITTA,Laterite,5.4,28600.0,35.0,180.0,2.85,1.5,15.0,1.2,8.0,0.5
THIRUVANANTHAPURAM,Laterite,5.4,28600.0,35.0,180.0,2.85,1.5,15.0,1.2,8.0,0.5
THRISSUR,Laterite,5.4,28600.0,35.0,180.0,2.85,1.5,15.0,1.2,8.0,0.5
WAYANAD,Laterite,5.4,28600.0,35.0,180.0,2.85,1.5,15.0,1.2,8.0,0.5
AGAR MALWA,Black,7.0,14500.0,35.0,180.0,1.34,1.5,15.0,1.2,8.0,0.5
ALIRAJPUR,Black,7.0,14500.0,35.0,180.0,1.34,1.5,15.0,1.2,8.0,0.5
ANUPPUR,Black,7.0,14500.0,35.0,180.0,1.34,1.5,15.0,1.2,8.0,0.5
ASHOKNAGAR,Black,7.0,14500.0,35.0,180.0,1.34,1.5,15.0,1.2,8.0,0.5
BALAGHAT,Black,7.0,14500.0,35.0,180.0,1.34,1.5,15.0,1.2,8.0,0.5
BARWANI,Black,7.0,14500.0,35.0,180.0,1.34,1.5,15.0,1.2,8.0,0.5
BETUL,Black,7.0,14500.0,35.0,180.0,1.34,1.5,15.0,1.2,8.0,0.5
BHIND,Black,7.0,14500.0,35.0,180.0,1.34,1.5,15.0,1.2,8.0,0.5
BHOPAL,Black,7.0,14500.0,35.0,180.0,1.34,1.5,15.0,1.2,8.0,0.5
BURHANPUR,Black,7.0,14500.0,35.0,180.0,1.34,1.5,15.0,1.2,8.0,0.5
CHHATARPUR,Black,7.0,14500.0,35.0,180.0,1.34,1.5,15.0,1.2,8.0,0.5
CHHINDWARA,Black,7.0,14500.0,35.0,180.0,1.34,1.5,15.0,1.2,8.0,0.5
DAMOH,Black,7.0,14500.0,35.0,180.0,1.34,1.5,15.0,1.2,8.0,0.5
DATIA,Black,7.0,14500.0,35.0,180.0,1.34,1.5,15.0,1.2,8.0,0.5
DEWAS,Black,7.0,14500.0,35.0,180.0,1.34,1.5,15.0,1.2,8.0,0.5
DHAR,Black,7.0,14500.0,35.0,180.0,1.34,1.5,15.0,1.2,8.0,0.5
DINDORI,Black,7.0,14500.0,35.0,180.0,1.34,1.5,15.0,1.2,8.0,0.5
GUNA,Black,7.0,14500.0,35.0,180.0,1.34,1.5,15.0,1.2,8.0,0.5
GWALIOR,Black,7.0,14500.0,35.0,180.0,1.34,1.5,15.0,1.2,8.0,0.5
HARDA,Black,7.0,14500.0,35.0,180.0,1.34,1.5,15.0,1.2,8.0,0.5
HOSHANGABAD,Black,7.0,14500.0,35.0,180.0,1.34,1.5,15.0,1.2,8.0,0.5
INDORE,Black,7.0,14500.0,35.0,180.0,1.34,1.5,15.0,1.2,8.0,0.5
JABALPUR,Black,7.0,14500.0,35.0,180.0,1.34,1.5,15.0,1.2,8.0,0.5
JHABUA,Black,7.0,14500.0,35.0,180.0,1.34,1.5,15.0,1.2,8.0,0.5
KATNI,Black,7.0,14500.0,35.0,180.0,1.34,1.5,15.0,1.2,8.0,0.5
KHANDWA,Black,7.0,14500.0,35.0,180.0,1.34,1.5,15.0,1.2,8.0,0.5
KHARGONE,Black,7.0,14500.0,35.0,180.0,1.34,1.5,15.0,1.2,8.0,0.5
MANDLA,Black,7.0,14500.0,35.0,180.0,1.34,1.5,15.0,1.2,8.0,0.5
MANDSAUR,Black,7.0,14500.0,35.0,180.0,1.34,1.5,15.0,1.2,8.0,0.5
MORENA,Black,7.0,14500.0,35.0,180.0,1.34,1.5,15.0,1.2,8.0,0.5
NARSINGHPUR,Black,7.0,14500.0,35.0,180.0,1.34,1.5,15.0,1.2,8.0,0.5
NEEMUCH,Black,7.0,14500.0,35.0,180.0,1.34,1.5,15.0,1.2,8.0,0.5
PANNA,Black,7.0,14500.0,35.0,180.0,1.34,1.5,15.0,1.2,8.0,0.5
RAISEN,Black,7.0,14500.0,35.0,180.0,1.34,1.5,15.0,1.2,8.0,0.5
RAJGARH,Black,7.0,14500.0,35.0,180.0,1.34,1.5,15.0,1.2,8.0,0.5
RATLAM,Black,7.0,14500.0,35.0,180.0,1.34,1.5,15.0,1.2,8.0,0.5
REWA,Black,7.0,14500.0,35.0,180.0,1.34,1.5,15.0,1.2,8.0,0.5
SAGAR,Black,7.0,14500.0,35.0,180.0,1.34,1.5,15.0,1.2,8.0,0.5
SATNA,Black,7.0,14500.0,35.0,180.0,1.34,1.5,15.0,1.2,8.0,0.5
SEHORE,Black,7.0,14500.0,35.0,180.0,1.34,1.5,15.0,1.2,8.0,0.5
SEONI,Black,7.0,14500.0,35.0,180.0,1.34,1.5,15.0,1.2,8.0,0.5
SHAHDOL,Black,7.0,14500.0,35.0,180.0,1.34,1.5,15.0,1.2,8.0,0.5
SHAJAPUR,Black,7.0,14500.0,35.0,180.0,1.34,1.5,15.0,1.2,8.0,0.5
SHEOPUR,Black,7.0,14500.0,35.0,180.0,1.34,1.5,15.0,1.2,8.0,0.5
SHIVPURI,Black,7.0,14500.0,35.0,180.0,1.34,1.5,15.0,1.2,8.0,0.5
SIDHI,Black,7.0,14500.0,35.0,180.0,1.34,1.5,15.0,1.2,8.0,0.5
SINGRAULI,Black,7.0,14500.0,35.0,180.0,1.34,1.5,15.0,1.2,8.0,0.5
TIKAMGARH,Black,7.0,14500.0,35.0,180.0,1.34,1.5,15.0,1.2,8.0,0.5
UJJAIN,Black,7.0,14500.0,35.0,180.0,1.34,1.5,15.0,1.2,8.0,0.5
UMARIA,Black,7.0,14500.0,35.0,180.0,1.34,1.5,15.0,1.2,8.0,0.5
VIDISHA,Black,7.0,14500.0,35.0,180.0,1.34,1.5,15.0,1.2,8.0,0.5
AHMEDNAGAR,Black,7.0,12400.0,35.0,180.0,0.97,1.5,15.0,1.2,8.0,0.5
AKOLA,Black,7.0,12400.0,35.0,180.0,0.97,1.5,15.0,1.2,8.0,0.5
AMRAVATI,Black,7.0,12400.0,35.0,180.0,0.97,1.5,15.0,1.2,8.0,0.5
AURANGABAD,Black,7.0,12400.0,35.0,180.0,0.97,1.5,15.0,1.2,8.0,0.5
BEED,Black,7.0,12400.0,35.0,180.0,0.97,1.5,15.0,1.2,8.0,0.5
BHANDARA,Black,7.0,12400.0,35.0,180.0,0.97,1.5,15.0,1.2,8.0,0.5
BULDHANA,Black,7.0,12400.0,35.0,180.0,0.97,1.5,15.0,1.2,8.0,0.5
CHANDRAPUR,Black,7.0,12400.0,35.0,180.0,0.97,1.5,15.0,1.2,8.0,0.5
DHULE,Black,7.0,12400.0,35.0,180.0,0.97,1.5,15.0,1.2,8.0,0.5
GADCHIROLI,Black,7.0,12400.0,35.0,180.0,0.97,1.5,15.0,1.2,8.0,0.5
GONDIA,Black,7.0,12400.0,35.0,180.0,0.97,1.5,15.0,1.2,8.0,0.5
HINGOLI,Black,7.0,12400.0,35.0,180.0,0.97,1.5,15.0,1.2,8.0,0.5
JALGAON,Black,7.0,12400.0,35.0,180.0,0.97,1.5,15.0,1.2,8.0,0.5
JALNA,Black,7.0,12400.0,35.0,180.0,0.97,1.5,15.0,1.2,8.0,0.5
KOLHAPUR,Black,7.0,12400.0,35.0,180.0,0.97,1.5,15.0,1.2,8.0,0.5
LATUR,Black,7.0,12400.0,35.0,180.0,0.97,1.5,15.0,1.2,8.0,0.5
MUMBAI,Black,7.0,12400.0,35.0,180.0,0.97,1.5,15.0,1.2,8.0,0.5
NAGPUR,Black,7.0,12400.0,35.0,180.0,0.97,1.5,15.0,1.2,8.0,0.5
NANDED,Black,7.0,12400.0,35.0,180.0,0.97,1.5,15.0,1.2,8.0,0.5
NANDURBAR,Black,7.0,12400.0,35.0,180.0,0.97,1.5,15.0,1.2,8.0,0.5
NASHIK,Black,7.0,12400.0,35.0,180.0,0.97,1.5,15.0,1.2,8.0,0.5
OSMANABAD,Black,7.0,12400.0,35.0,180.0,0.97,1.5,15.0,1.2,8.0,0.5
PALGHAR,Black,7.0,12400.0,35.0,180.0,0.97,1.5,15.0,1.2,8.0,0.5
PARBHANI,Black,7.0,12400.0,35.0,180.0,0.97,1.5,15.0,1.2,8.0,0.5
PUNE,Black,7.0,12400.0,35.0,180.0,0.97,1.5,15.0,1.2,8.0,0.5
RAIGAD,Black,7.0,12400.0,35.0,180.0,0.97,1.5,15.0,1.2,8.0,0.5
RATNAGIRI,Black,7.0,12400.0,35.0,180.0,0.97,1.5,15.0,1.2,8.0,0.5
SANGLI,Black,7.0,12400.0,35.0,180.0,0.97,1.5,15.0,1.2,8.0,0.5
SATARA,Black,7.0,12400.0,35.0,180.0,0.97,1.5,15.0,1.2,8.0,0.5
SINDHUDURG,Black,7.0,12400.0,35.0,180.0,0.97,1.5,15.0,1.2,8.0,0.5
SOLAPUR,Black,7.0,12400.0,35.0,180.0,0.97,1.5,15.0,1.2,8.0,0.5
THANE,Black,7.0,12400.0,35.0,180.0,0.97,1.5,15.0,1.2,8.0,0.5
WARDHA,Black,7.0,12400.0,35.0,180.0,0.97,1.5,15.0,1.2,8.0,0.5
WASHIM,Black,7.0,12400.0,35.0,180.0,0.97,1.5,15.0,1.2,8.0,0.5
YAVATMAL,Black,7.0,12400.0,35.0,180.0,0.97,1.5,15.0,1.2,8.0,0.5
NORTH GOA,Laterite,7.0,29600.0,35.0,180.0,4.67,1.5,15.0,1.2,8.0,0.5
SOUTH GOA,Laterite,7.0,29600.0,35.0,180.0,4.67,1.5,15.0,1.2,8.0,0.5
AIZAWL,Mountain,5.3,46700.0,35.0,180.0,3.74,1.5,15.0,1.2,8.0,0.5
CHAMPHAI,Mountain,5.3,46700.0,35.0,180.0,3.74,1.5,15.0,1.2,8.0,0.5
KOLASIB,Mountain,5.3,46700.0,35.0,180.0,3.74,1.5,15.0,1.2,8.0,0.5
LAWNGTLAI,Mountain,5.3,46700.0,35.0,180.0,3.74,1.5,15.0,1.2,8.0,0.5
LUNGLEI,Mountain,5.3,46700.0,35.0,180.0,3.74,1.5,15.0,1.2,8.0,0.5
MAMIT,Mountain,5.3,46700.0,35.0,180.0,3.74,1.5,15.0,1.2,8.0,0.5
SAIHA,Mountain,5.3,46700.0,35.0,180.0,3.74,1.5,15.0,1.2,8.0,0.5
SERCHHIP,Mountain,5.3,46700.0,35.0,180.0,3.74,1.5,15.0,1.2,8.0,0.5
BOKARO,Red,7.0,150.0,35.0,180.0,0.6,1.5,15.0,1.2,8.0,0.5
CHATRA,Red,7.0,150.0,35.0,180.0,0.6,1.5,15.0,1.2,8.0,0.5
DEOGHAR,Red,7.0,150.0,35.0,180.0,0.6,1.5,15.0,1.2,8.0,0.5
DHANBAD,Red,7.0,150.0,35.0,180.0,0.6,1.5,15.0,1.2,8.0,0.5
DUMKA,Red,7.0,150.0,35.0,180.0,0.6,1.5,15.0,1.2,8.0,0.5
EAST SINGHBUM,Red,7.0,150.0,35.0,180.0,0.6,1.5,15.0,1.2,8.0,0.5
GARHWA,Red,7.0,150.0,35.0,180.0,0.6,1.5,15.0,1.2,8.0,0.5
GIRIDIH,Red,7.0,150.0,35.0,180.0,0.6,1.5,15.0,1.2,8.0,0.5
GODDA,Red,7.0,150.0,35.0,180.0,0.6,1.5,15.0,1.2,8.0,0.5
GUMLA,Red,7.0,150.0,35.0,180.0,0.6,1.5,15.0,1.2,8.0,0.5
HAZARIBAGH,Red,7.0,150.0,35.0,180.0,0.6,1.5,15.0,1.2,8.0,0.5
JAMTARA,Red,7.0,150.0,35.0,180.0,0.6,1.5,15.0,1.2,8.0,0.5
KHUNTI,Red,7.0,150.0,35.0,180.0,0.6,1.5,15.0,1.2,8.0,0.5
KODERMA,Red,7.0,150.0,35.0,180.0,0.6,1.5,15.0,1.2,8.0,0.5
LATEHAR,Red,7.0,150.0,35.0,180.0,0.6,1.5,15.0,1.2,8.0,0.5
LOHARDAGA,Red,7.0,150.0,35.0,180.0,0.6,1.5,15.0,1.2,8.0,0.5
PAKUR,Red,7.0,150.0,35.0,180.0,0.6,1.5,15.0,1.2,8.0,0.5
PALAMU,Red,7.0,150.0,35.0,180.0,0.6,1.5,15.0,1.2,8.0,0.5
RAMGARH,Red,7.0,150.0,35.0,180.0,0.6,1.5,15.0,1.2,8.0,0.5
RANCHI,Red,7.0,150.0,35.0,180.0,0.6,1.5,15.0,1.2,8.0,0.5
SAHEBGANJ,Red,7.0,150.0,35.0,180.0,0.6,1.5,15.0,1.2,8.0,0.5
SARAIKELA KHARSAWAN,Red,7.0,150.0,35.0,180.0,0.6,1.5,15.0,1.2,8.0,0.5
SIMDEGA,Red,7.0,150.0,35.0,180.0,0.6,1.5,15.0,1.2,8.0,0.5
WEST SINGHBHUM,Red,7.0,150.0,35.0,180.0,0.6,1.5,15.0,1.2,8.0,0.5
EAST GARO HILLS,Laterite,5.2,78600.0,35.0,180.0,6.92,1.5,15.0,1.2,8.0,0.5
EAST JAINTIA HILLS,Laterite,5.2,78600.0,35.0,180.0,6.92,1.5,15.0,1.2,8.0,0.5
EAST KHASI HILLS,Laterite,5.2,78600.0,35.0,180.0,6.92,1.5,15.0,1.2,8.0,0.5
NORTH GARO HILLS,Laterite,5.2,78600.0,35.0,180.0,6.92,1.5,15.0,1.2,8.0,0.5
RI BHOI,Laterite,5.2,78600.0,35.0,180.0,6.92,1.5,15.0,1.2,8.0,0.5
SOUTH GARO HILLS,Laterite,5.2,78600.0,35.0,180.0,6.92,1.5,15.0,1.2,8.0,0.5
SOUTH WEST GARO HILLS,Laterite,5.2,78600.0,35.0,180.0,6.92,1.5,15.0,1.2,8.0,0.5
SOUTH WEST KHASI HILLS,Laterite,5.2,78600.0,35.0,180.0,6.92,1.5,15.0,1.2,8.0,0.5
WEST GARO HILLS,Laterite,5.2,78600.0,35.0,180.0,6.92,1.5,15.0,1.2,8.0,0.5
WEST JAINTIA HILLS,Laterite,5.2,78600.0,35.0,180.0,6.92,1.5,15.0,1.2,8.0,0.5
WEST KHASI HILLS,Laterite,5.2,78600.0,35.0,180.0,6.92,1.5,15.0,1.2,8.0,0.5
AMRITSAR,Alluvial,7.0,150.0,35.0,180.0,1.21,1.5,15.0,1.2,8.0,0.5
BARNALA,Alluvial,7.0,150.0,35.0,180.0,1.21,1.5,15.0,1.2,8.0,0.5
BATHINDA,Alluvial,7.0,150.0,35.0,180.0,1.21,1.5,15.0,1.2,8.0,0.5
FARIDKOT,Alluvial,7.0,150.0,35.0,180.0,1.21,1.5,15.0,1.2,8.0,0.5
FATEHGARH SAHIB,Alluvial,7.0,150.0,35.0,180.0,1.21,1.5,15.0,1.2,8.0,0.5
FAZILKA,Alluvial,7.0,150.0,35.0,180.0,1.21,1.5,15.0,1.2,8.0,0.5
FIROZEPUR,Alluvial,7.0,150.0,35.0,180.0,1.21,1.5,15.0,1.2,8.0,0.5
GURDASPUR,Alluvial,7.0,150.0,35.0,180.0,1.21,1.5,15.0,1.2,8.0,0.5
HOSHIARPUR,Alluvial,7.0,150.0,35.0,180.0,1.21,1.5,15.0,1.2,8.0,0.5
JALANDHAR,Alluvial,7.0,150.0,35.0,180.0,1.21,1.5,15.0,1.2,8.0,0.5
KAPURTHALA,Alluvial,7.0,150.0,35.0,180.0,1.21,1.5,15.0,1.2,8.0,0.5
LUDHIANA,Alluvial,7.0,150.0,35.0,180.0,1.21,1.5,15.0,1.2,8.0,0.5
MANSA,Alluvial,7.0,150.0,35.0,180.0,1.21,1.5,15.0,1.2,8.0,0.5
MOGA,Alluvial,7.0,150.0,35.0,180.0,1.21,1.5,15.0,1.2,8.0,0.5
MUKTSAR,Alluvial,7.0,150.0,35.0,180.0,1.21,1.5,15.0,1.2,8.0,0.5
NAWANSHAHR,Alluvial,7.0,150.0,35.0,180.0,1.21,1.5,15.0,1.2,8.0,0.5
PATHANKOT,Alluvial,7.0,150.0,35.0,180.0,1.21,1.5,15.0,1.2,8.0,0.5
PATIALA,Alluvial,7.0,150.0,35.0,180.0,1.21,1.5,15.0,1.2,8.0,0.5
RUPNAGAR,Alluvial,7.0,150.0,35.0,180.0,1.21,1.5,15.0,1.2,8.0,0.5
S.A.S NAGAR,Alluvial,7.0,150.0,35.0,180.0,1.21,1.5,15.0,1.2,8.0,0.5
SANGRUR,Alluvial,7.0,150.0,35.0,180.0,1.21,1.5,15.0,1.2,8.0,0.5
TARN TARAN,Alluvial,7.0,150.0,35.0,180.0,1.21,1.5,15.0,1.2,8.0,0.5
AJMER,Arid,7.7,150.0,35.0,180.0,0.53,1.5,15.0,1.2,8.0,0.5
ALWAR,Arid,7.7,150.0,35.0,180.0,0.53,1.5,15.0,1.2,8.0,0.5
BANSWARA,Arid,7.7,150.0,35.0,180.0,0.53,1.5,15.0,1.2,8.0,0.5
BARAN,Arid,7.7,150.0,35.0,180.0,0.53,1.5,15.0,1.2,8.0,0.5
BARMER,Arid,7.7,150.0,35.0,180.0,0.53,1.5,15.0,1.2,8.0,0.5
BHARATPUR,Arid,7.7,150.0,35.0,180.0,0.53,1.5,15.0,1.2,8.0,0.5
BHILWARA,Arid,7.7,150.0,35.0,180.0,0.53,1.5,15.0,1.2,8.0,0.5
BIKANER,Arid,7.7,150.0,35.0,180.0,0.53,1.5,15.0,1.2,8.0,0.5
BUNDI,Arid,7.7,150.0,35.0,180.0,0.53,1.5,15.0,1.2,8.0,0.5
CHITTORGARH,Arid,7.7,150.0,35.0,180.0,0.53,1.5,15.0,1.2,8.0,0.5
CHURU,Arid,7.7,150.0,35.0,180.0,0.53,1.5,15.0,1.2,8.0,0.5
DAUSA,Arid,7.7,150.0,35.0,180.0,0.53,1.5,15.0,1.2,8.0,0.5
DHOLPUR,Arid,7.7,150.0,35.0,180.0,0.53,1.5,15.0,1.2,8.0,0.5
DUNGARPUR,Arid,7.7,150.0,35.0,180.0,0.53,1.5,15.0,1.2,8.0,0.5
GANGANAGAR,Arid,7.7,150.0,35.0,180.0,0.53,1.5,15.0,1.2,8.0,0.5
HANUMANGARH,Arid,7.7,150.0,35.0,180.0,0.53,1.5,15.0,1.2,8.0,0.5
JAIPUR,Arid,7.7,150.0,35.0,180.0,0.53,1.5,15.0,1.2,8.0,0.5
JAISALMER,Arid,7.7,150.0,35.0,180.0,0.53,1.5,15.0,1.2,8.0,0.5
JALORE,Arid,7.7,150.0,35.0,180.0,0.53,1.5,15.0,1.2,8.0,0.5
JHALAWAR,Arid,7.7,150.0,35.0,180.0,0.53,1.5,15.0,1.2,8.0,0.5
JHUNJHUNU,Arid,7.7,150.0,35.0,180.0,0.53,1.5,15.0,1.2,8.0,0.5
JODHPUR,Arid,7.7,150.0,35.0,180.0,0.53,1.5,15.0,1.2,8.0,0.5
KARAULI,Arid,7.7,150.0,35.0,180.0,0.53,1.5,15.0,1.2,8.0,0.5
KOTA,Arid,7.7,150.0,35.0,180.0,0.53,1.5,15.0,1.2,8.0,0.5
NAGAUR,Arid,7.7,150.0,35.0,180.0,0.53,1.5,15.0,1.2,8.0,0.5
PALI,Arid,7.7,150.0,35.0,180.0,0.53,1.5,15.0,1.2,8.0,0.5
PRATAPGARH,Arid,7.7,150.0,35.0,180.0,0.53,1.5,15.0,1.2,8.0,0.5
RAJSAMAND,Arid,7.7,150.0,35.0,180.0,0.53,1.5,15.0,1.2,8.0,0.5
SAWAI MADHOPUR,Arid,7.7,150.0,35.0,180.0,0.53,1.5,15.0,1.2,8.0,0.5
SIKAR,Arid,7.7,150.0,35.0,180.0,0.53,1.5,15.0,1.2,8.0,0.5
SIROHI,Arid,7.7,150.0,35.0,180.0,0.53,1.5,15.0,1.2,8.0,0.5
TONK,Arid,7.7,150.0,35.0,180.0,0.53,1.5,15.0,1.2,8.0,0.5
UDAIPUR,Arid,7.7,150.0,35.0,180.0,0.53,1.5,15.0,1.2,8.0,0.5
EAST DISTRICT,Mountain,7.0,100800.0,35.0,180.0,5.81,1.5,15.0,1.2,8.0,0.5
NORTH DISTRICT,Mountain,7.0,100800.0,35.0,180.0,5.81,1.5,15.0,1.2,8.0,0.5
SOUTH DISTRICT,Mountain,7.0,100800.0,35.0,180.0,5.81,1.5,15.0,1.2,8.0,0.5
WEST DISTRICT,Mountain,7.0,100800.0,35.0,180.0,5.81,1.5,15.0,1.2,8.0,0.5
ARIYALUR,Red,7.0,17200.0,35.0,180.0,4.25,1.5,15.0,1.2,8.0,0.5
COIMBATORE,Red,7.0,17200.0,35.0,180.0,4.25,1.5,15.0,1.2,8.0,0.5
CUDDALORE,Red,7.0,17200.0,35.0,180.0,4.25,1.5,15.0,1.2,8.0,0.5
DHARMAPURI,Red,7.0,17200.0,35.0,180.0,4.25,1.5,15.0,1.2,8.0,0.5
DINDIGUL,Red,7.0,17200.0,35.0,180.0,4.25,1.5,15.0,1.2,8.0,0.5
ERODE,Red,7.0,17200.0,35.0,180.0,4.25,1.5,15.0,1.2,8.0,0.5
KANCHIPURAM,Red,7.0,17200.0,35.0,180.0,4.25,1.5,15.0,1.2,8.0,0.5
KANNIYAKUMARI,Red,7.0,17200.0,35.0,180.0,4.25,1.5,15.0,1.2,8.0,0.5
KARUR,Red,7.0,17200.0,35.0,180.0,4.25,1.5,15.0,1.2,8.0,0.5
KRISHNAGIRI,Red,7.0,17200.0,35.0,180.0,4.25,1.5,15.0,1.2,8.0,0.5
MADURAI,Red,7.0,17200.0,35.0,180.0,4.25,1.5,15.0,1.2,8.0,0.5
NAGAPATTINAM,Red,7.0,17200.0,35.0,180.0,4.25,1.5,15.0,1.2,8.0,0.5
NAMAKKAL,Red,7.0,17200.0,35.0,180.0,4.25,1.5,15.0,1.2,8.0,0.5
PERAMBALUR,Red,7.0,17200.0,35.0,180.0,4.25,1.5,15.0,1.2,8.0,0.5
PUDUKKOTTAI,Red,7.0,17200.0,35.0,180.0,4.25,1.5,15.0,1.2,8.0,0.5
RAMANATHAPURAM,Red,7.0,17200.0,35.0,180.0,4.25,1.5,15.0,1.2,8.0,0.5
SALEM,Red,7.0,17200.0,35.0,180.0,4.25,1.5,15.0,1.2,8.0,0.5
SIVAGANGA,Red,7.0,17200.0,35.0,180.0,4.25,1.5,15.0,1.2,8.0,0.5
THANJAVUR,Red,7.0,17200.0,35.0,180.0,4.25,1.5,15.0,1.2,8.0,0.5
THE NILGIRIS,Red,7.0,17200.0,35.0,180.0,4.25,1.5,15.0,1.2,8.0,0.5
THENI,Red,7.0,17200.0,35.0,180.0,4.25,1.5,15.0,1.2,8.0,0.5
THIRUVALLUR,Red,7.0,17200.0,35.0,180.0,4.25,1.5,15.0,1.2,8.0,0.5
THIRUVARUR,Red,7.0,17200.0,35.0,180.0,4.25,1.5,15.0,1.2,8.0,0.5
TIRUCHIRAPPALLI,Red,7.0,17200.0,35.0,180.0,4.25,1.5,15.0,1.2,8.0,0.5
TIRUNELVELI,Red,7.0,17200.0,35.0,180.0,4.25,1.5,15.0,1.2,8.0,0.5
TIRUPPUR,Red,7.0,17200.0,35.0,180.0,4.25,1.5,15.0,1.2,8.0,0.5
TIRUVANNAMALAI,Red,7.0,17200.0,35.0,180.0,4.25,1.5,15.0,1.2,8.0,0.5
TUTICORIN,Red,7.0,17200.0,35.0,180.0,4.25,1.5,15.0,1.2,8.0,0.5
VELLORE,Red,7.0,17200.0,35.0,180.0,4.25,1.5,15.0,1.2,8.0,0.5
VILLUPURAM,Red,7.0,17200.0,35.0,180.0,4.25,1.5,15.0,1.2,8.0,0.5
VIRUDHUNAGAR,Red,7.0,17200.0,35.0,180.0,4.25,1.5,15.0,1.2,8.0,0.5
ADILABAD,Red,7.0,150.0,35.0,180.0,1.37,1.5,15.0,1.2,8.0,0.5
HYDERABAD,Red,7.0,150.0,35.0,180.0,1.37,1.5,15.0,1.2,8.0,0.5
KARIMNAGAR,Red,7.0,150.0,35.0,180.0,1.37,1.5,15.0,1.2,8.0,0.5
KHAMMAM,Red,7.0,150.0,35.0,180.0,1.37,1.5,15.0,1.2,8.0,0.5
MAHBUBNAGAR,Red,7.0,150.0,35.0,180.0,1.37,1.5,15.0,1.2,8.0,0.5
MEDAK,Red,7.0,150.0,35.0,180.0,1.37,1.5,15.0,1.2,8.0,0.5
NALGONDA,Red,7.0,150.0,35.0,180.0,1.37,1.5,15.0,1.2,8.0,0.5
NIZAMABAD,Red,7.0,150.0,35.0,180.0,1.37,1.5,15.0,1.2,8.0,0.5
RANGAREDDI,Red,7.0,150.0,35.0,180.0,1.37,1.5,15.0,1.2,8.0,0.5
WARANGAL,Red,7.0,150.0,35.0,180.0,1.37,1.5,15.0,1.2,8.0,0.5
DHALAI,Alluvial,7.0,18200.0,35.0,180.0,1.88,1.5,15.0,1.2,8.0,0.5
GOMATI,Alluvial,7.0,18200.0,35.0,180.0,1.88,1.5,15.0,1.2,8.0,0.5
KHOWAI,Alluvial,7.0,18200.0,35.0,180.0,1.88,1.5,15.0,1.2,8.0,0.5
NORTH TRIPURA,Alluvial,7.0,18200.0,35.0,180.0,1.88,1.5,15.0,1.2,8.0,0.5
SEPAHIJALA,Alluvial,7.0,18200.0,35.0,180.0,1.88,1.5,15.0,1.2,8.0,0.5
SOUTH TRIPURA,Alluvial,7.0,18200.0,35.0,180.0,1.88,1.5,15.0,1.2,8.0,0.5
UNAKOTI,Alluvial,7.0,18200.0,35.0,180.0,1.88,1.5,15.0,1.2,8.0,0.5
WEST TRIPURA,Alluvial,7.0,18200.0,35.0,180.0,1.88,1.5,15.0,1.2,8.0,0.5
ALMORA,Mountain,7.0,68500.0,35.0,180.0,0.6,1.5,15.0,1.2,8.0,0.5
BAGESHWAR,Mountain,7.0,68500.0,35.0,180.0,0.6,1.5,15.0,1.2,8.0,0.5
CHAMOLI,Mountain,7.0,68500.0,35.0,180.0,0.6,1.5,15.0,1.2,8.0,0.5
CHAMPAWAT,Mountain,7.0,68500.0,35.0,180.0,0.6,1.5,15.0,1.2,8.0,0.5
DEHRADUN,Mountain,7.0,68500.0,35.0,180.0,0.6,1.5,15.0,1.2,8.0,0.5
HARIDWAR,Mountain,7.0,68500.0,35.0,180.0,0.6,1.5,15.0,1.2,8.0,0.5
NAINITAL,Mountain,7.0,68500.0,35.0,180.0,0.6,1.5,15.0,1.2,8.0,0.5
PAURI GARHWAL,Mountain,7.0,68500.0,35.0,180.0,0.6,1.5,15.0,1.2,8.0,0.5
PITHORAGARH,Mountain,7.0,68500.0,35.0,180.0,0.6,1.5,15.0,1.2,8.0,0.5
RUDRA PRAYAG,Mountain,7.0,68500.0,35.0,180.0,0.6,1.5,15.0,1.2,8.0,0.5
TEHRI GARHWAL,Mountain,7.0,68500.0,35.0,180.0,0.6,1.5,15.0,1.2,8.0,0.5
UDAM SINGH NAGAR,Mountain,7.0,68500.0,35.0,180.0,0.6,1.5,15.0,1.2,8.0,0.5
UTTAR KASHI,Mountain,7.0,68500.0,35.0,180.0,0.6,1.5,15.0,1.2,8.0,0.5
24 PARAGANAS NORTH,Alluvial,6.7,150.0,35.0,180.0,0.6,1.5,15.0,1.2,8.0,0.5
24 PARAGANAS SOUTH,Alluvial,6.7,150.0,35.0,180.0,0.6,1.5,15.0,1.2,8.0,0.5
BANKURA,Alluvial,6.7,150.0,35.0,180.0,0.6,1.5,15.0,1.2,8.0,0.5
BARDHAMAN,Alluvial,6.7,150.0,35.0,180.0,0.6,1.5,15.0,1.2,8.0,0.5
BIRBHUM,Alluvial,6.7,150.0,35.0,180.0,0.6,1.5,15.0,1.2,8.0,0.5
COOCHBEHAR,Alluvial,6.7,150.0,35.0,180.0,0.6,1.5,15.0,1.2,8.0,0.5
DARJEELING,Alluvial,6.7,150.0,35.0,180.0,0.6,1.5,15.0,1.2,8.0,0.5
DINAJPUR DAKSHIN,Alluvial,6.7,150.0,35.0,180.0,0.6,1.5,15.0,1.2,8.0,0.5
DINAJPUR UTTAR,Alluvial,6.7,150.0,35.0,180.0,0.6,1.5,15.0,1.2,8.0,0.5
HOOGHLY,Alluvial,6.7,150.0,35.0,180.0,0.6,1.5,15.0,1.2,8.0,0.5
HOWRAH,Alluvial,6.7,150.0,35.0,180.0,0.6,1.5,15.0,1.2,8.0,0.5
JALPAIGURI,Alluvial,6.7,150.0,35.0,180.0,0.6,1.5,15.0,1.2,8.0,0.5
MALDAH,Alluvial,6.7,150.0,35.0,180.0,0.6,1.5,15.0,1.2,8.0,0.5
MEDINIPUR EAST,Alluvial,6.7,150.0,35.0,180.0,0.6,1.5,15.0,1.2,8.0,0.5
MEDINIPUR WEST,Alluvial,6.7,150.0,35.0,180.0,0.6,1.5,15.0,1.2,8.0,0.5
MURSHIDABAD,Alluvial,6.7,150.0,35.0,180.0,0.6,1.5,15.0,1.2,8.0,0.5
NADIA,Alluvial,6.7,150.0,35.0,180.0,0.6,1.5,15.0,1.2,8.0,0.5
PURULIA,Alluvial,6.7,150.0,35.0,180.0,0.6,1.5,15.0,1.2,8.0,0.5
AGRA,Alluvial,7.0,150.0,35.0,180.0,1.65,1.5,15.0,1.2,8.0,0.5
ALIGARH,Alluvial,7.0,150.0,35.0,180.0,1.65,1.5,15.0,1.2,8.0,0.5
ALLAHABAD,Alluvial,7.0,150.0,35.0,180.0,1.65,1.5,15.0,1.2,8.0,0.5
AMBEDKAR NAGAR,Alluvial,7.0,150.0,35.0,180.0,1.65,1.5,15.0,1.2,8.0,0.5
AMETHI,Alluvial,7.0,150.0,35.0,180.0,1.65,1.5,15.0,1.2,8.0,0.5
AMROHA,Alluvial,7.0,150.0,35.0,180.0,1.65,1.5,15.0,1.2,8.0,0.5
AURAIYA,Alluvial,7.0,150.0,35.0,180.0,1.65,1.5,15.0,1.2,8.0,0.5
AZAMGARH,Alluvial,7.0,150.0,35.0,180.0,1.65,1.5,15.0,1.2,8.0,0.5
BAGHPAT,Alluvial,7.0,150.0,35.0,180.0,1.65,1.5,15.0,1.2,8.0,0.5
BAHRAICH,Alluvial,7.0,150.0,35.0,180.0,1.65,1.5,15.0,1.2,8.0,0.5
BALLIA,Alluvial,7.0,150.0,35.0,180.0,1.65,1.5,15.0,1.2,8.0,0.5
BALRAMPUR,Alluvial,7.0,150.0,35.0,180.0,1.65,1.5,15.0,1.2,8.0,0.5
BANDA,Alluvial,7.0,150.0,35.0,180.0,1.65,1.5,15.0,1.2,8.0,0.5
BARABANKI,Alluvial,7.0,150.0,35.0,180.0,1.65,1.5,15.0,1.2,8.0,0.5
BAREILLY,Alluvial,7.0,150.0,35.0,180.0,1.65,1.5,15.0,1.2,8.0,0.5
BASTI,Alluvial,7.0,150.0,35.0,180.0,1.65,1.5,15.0,1.2,8.0,0.5
BIJNOR,Alluvial,7.0,150.0,35.0,180.0,1.65,1.5,15.0,1.2,8.0,0.5
BUDAUN,Alluvial,7.0,150.0,35.0,180.0,1.65,1.5,15.0,1.2,8.0,0.5
BULANDSHAHR,Alluvial,7.0,150.0,35.0,180.0,1.65,1.5,15.0,1.2,8.0,0.5
CHANDAULI,Alluvial,7.0,150.0,35.0,180.0,1.65,1.5,15.0,1.2,8.0,0.5
CHITRAKOOT,Alluvial,7.0,150.0,35.0,180.0,1.65,1.5,15.0,1.2,8.0,0.5
DEORIA,Alluvial,7.0,150.0,35.0,180.0,1.65,1.5,15.0,1.2,8.0,0.5
ETAH,Alluvial,7.0,150.0,35.0,180.0,1.65,1.5,15.0,1.2,8.0,0.5
ETAWAH,Alluvial,7.0,150.0,35.0,180.0,1.65,1.5,15.0,1.2,8.0,0.5
FAIZABAD,Alluvial,7.0,150.0,35.0,180.0,1.65,1.5,15.0,1.2,8.0,0.5
FARRUKHABAD,Alluvial,7.0,150.0,35.0,180.0,1.65,1.5,15.0,1.2,8.0,0.5
FATEHPUR,Alluvial,7.0,150.0,35.0,180.0,1.65,1.5,15.0,1.2,8.0,0.5
FIROZABAD,Alluvial,7.0,150.0,35.0,180.0,1.65,1.5,15.0,1.2,8.0,0.5
GAUTAM BUDDHA NAGAR,Alluvial,7.0,150.0,35.0,180.0,1.65,1.5,15.0,1.2,8.0,0.5
GHAZIABAD,Alluvial,7.0,150.0,35.0,180.0,1.65,1.5,15.0,1.2,8.0,0.5
GHAZIPUR,Alluvial,7.0,150.0,35.0,180.0,1.65,1.5,15.0,1.2,8.0,0.5
GONDA,Alluvial,7.0,150.0,35.0,180.0,1.65,1.5,15.0,1.2,8.0,0.5
GORAKHPUR,Alluvial,7.0,150.0,35.0,180.0,1.65,1.5,15.0,1.2,8.0,0.5
HAMIRPUR,Alluvial,7.0,150.0,35.0,180.0,1.65,1.5,15.0,1.2,8.0,0.5
HAPUR,Alluvial,7.0,150.0,35.0,180.0,1.65,1.5,15.0,1.2,8.0,0.5
HARDOI,Alluvial,7.0,150.0,35.0,180.0,1.65,1.5,15.0,1.2,8.0,0.5
HATHRAS,Alluvial,7.0,150.0,35.0,180.0,1.65,1.5,15.0,1.2,8.0,0.5
JALAUN,Alluvial,7.0,150.0,35.0,180.0,1.65,1.5,15.0,1.2,8.0,0.5
JAUNPUR,Alluvial,7.0,150.0,35.0,180.0,1.65,1.5,15.0,1.2,8.0,0.5
JHANSI,Alluvial,7.0,150.0,35.0,180.0,1.65,1.5,15.0,1.2,8.0,0.5
KANNAUJ,Alluvial,7.0,150.0,35.0,180.0,1.65,1.5,15.0,1.2,8.0,0.5
KANPUR DEHAT,Alluvial,7.0,150.0,35.0,180.0,1.65,1.5,15.0,1.2,8.0,0.5
KANPUR NAGAR,Alluvial,7.0,150.0,35.0,180.0,1.65,1.5,15.0,1.2,8.0,0.5
KASGANJ,Alluvial,7.0,150.0,35.0,180.0,1.65,1.5,15.0,1.2,8.0,0.5
KAUSHAMBI,Alluvial,7.0,150.0,35.0,180.0,1.65,1.5,15.0,1.2,8.0,0.5
KHERI,Alluvial,7.0,150.0,35.0,180.0,1.65,1.5,15.0,1.2,8.0,0.5
KUSHI NAGAR,Alluvial,7.0,150.0,35.0,180.0,1.65,1.5,15.0,1.2,8.0,0.5
LALITPUR,Alluvial,7.0,150.0,35.0,180.0,1.65,1.5,15.0,1.2,8.0,0.5
LUCKNOW,Alluvial,7.0,150.0,35.0,180.0,1.65,1.5,15.0,1.2,8.0,0.5
MAHARAJGANJ,Alluvial,7.0,150.0,35.0,180.0,1.65,1.5,15.0,1.2,8.0,0.5
MAHOBA,Alluvial,7.0,150.0,35.0,180.0,1.65,1.5,15.0,1.2,8.0,0.5
MAINPURI,Alluvial,7.0,150.0,35.0,180.0,1.65,1.5,15.0,1.2,8.0,0.5
MATHURA,Alluvial,7.0,150.0,35.0,180.0,1.65,1.5,15.0,1.2,8.0,0.5
MAU,Alluvial,7.0,150.0,35.0,180.0,1.65,1.5,15.0,1.2,8.0,0.5
MEERUT,Alluvial,7.0,150.0,35.0,180.0,1.65,1.5,15.0,1.2,8.0,0.5
MIRZAPUR,Alluvial,7.0,150.0,35.0,180.0,1.65,1.5,15.0,1.2,8.0,0.5
MORADABAD,Alluvial,7.0,150.0,35.0,180.0,1.65,1.5,15.0,1.2,8.0,0.5
MUZAFFARNAGAR,Alluvial,7.0,150.0,35.0,180.0,1.65,1.5,15.0,1.2,8.0,0.5
PILIBHIT,Alluvial,7.0,150.0,35.0,180.0,1.65,1.5,15.0,1.2,8.0,0.5
PRATAPGARH,Alluvial,7.0,150.0,35.0,180.0,1.65,1.5,15.0,1.2,8.0,0.5
RAE BARELI,Alluvial,7.0,150.0,35.0,180.0,1.65,1.5,15.0,1.2,8.0,0.5
RAMPUR,Alluvial,7.0,150.0,35.0,180.0,1.65,1.5,15.0,1.2,8.0,0.5
SAHARANPUR,Alluvial,7.0,150.0,35.0,180.0,1.65,1.5,15.0,1.2,8.0,0.5
SAMBHAL,Alluvial,7.0,150.0,35.0,180.0,1.65,1.5,15.0,1.2,8.0,0.5
SANT KABEER NAGAR,Alluvial,7.0,150.0,35.0,180.0,1.65,1.5,15.0,1.2,8.0,0.5
SANT RAVIDAS NAGAR,Alluvial,7.0,150.0,35.0,180.0,1.65,1.5,15.0,1.2,8.0,0.5
SHAHJAHANPUR,Alluvial,7.0,150.0,35.0,180.0,1.65,1.5,15.0,1.2,8.0,0.5
SHAMLI,Alluvial,7.0,150.0,35.0,180.0,1.65,1.5,15.0,1.2,8.0,0.5
SHRAVASTI,Alluvial,7.0,150.0,35.0,180.0,1.65,1.5,15.0,1.2,8.0,0.5
SIDDHARTH NAGAR,Alluvial,7.0,150.0,35.0,180.0,1.65,1.5,15.0,1.2,8.0,0.5
SITAPUR,Alluvial,7.0,150.0,35.0,180.0,1.65,1.5,15.0,1.2,8.0,0.5
SONBHADRA,Alluvial,7.0,150.0,35.0,180.0,1.65,1.5,15.0,1.2,8.0,0.5
SULTANPUR,Alluvial,7.0,150.0,35.0,180.0,1.65,1.5,15.0,1.2,8.0,0.5
UNNAO,Alluvial,7.0,150.0,35.0,180.0,1.65,1.5,15.0,1.2,8.0,0.5
VARANASI,Alluvial,7.0,150.0,35.0,180.0,1.65,1.5,15.0,1.2,8.0,0.5
NICOBARS,Laterite,7.0,150.0,35.0,180.0,0.6,1.5,15.0,1.2,8.0,0.5
NORTH AND MIDDLE ANDAMAN,Laterite,7.0,150.0,35.0,180.0,0.6,1.5,15.0,1.2,8.0,0.5
SOUTH ANDAMANS,Laterite,7.0,150.0,35.0,180.0,0.6,1.5,15.0,1.2,8.0,0.5
DADRA AND NAGAR HAVELI,Black,7.0,150.0,35.0,180.0,0.6,1.5,15.0,1.2,8.0,0.5
KARAIKAL,Red,7.0,150.0,35.0,180.0,4.45,1.5,15.0,1.2,8.0,0.5
MAHE,Red,7.0,150.0,35.0,180.0,4.45,1.5,15.0,1.2,8.0,0.5
PONDICHERRY,Red,7.0,150.0,35.0,180.0,4.45,1.5,15.0,1.2,8.0,0.5
YANAM,Red,7.0,150.0,35.0,180.0,4.45,1.5,15.0,1.2,8.0,0.5
DIMAPUR,Mountain,7.0,150.0,35.0,180.0,3.52,1.5,15.0,1.2,8.0,0.5
KIPHIRE,Mountain,7.0,150.0,35.0,180.0,3.52,1.5,15.0,1.2,8.0,0.5
KOHIMA,Mountain,7.0,150.0,35.0,180.0,3.52,1.5,15.0,1.2,8.0,0.5
LONGLENG,Mountain,7.0,150.0,35.0,180.0,3.52,1.5,15.0,1.2,8.0,0.5
MOKOKCHUNG,Mountain,7.0,150.0,35.0,180.0,3.52,1.5,15.0,1.2,8.0,0.5
MON,Mountain,7.0,150.0,35.0,180.0,3.52,1.5,15.0,1.2,8.0,0.5
PEREN,Mountain,7.0,150.0,35.0,180.0,3.52,1.5,15.0,1.2,8.0,0.5
PHEK,Mountain,7.0,150.0,35.0,180.0,3.52,1.5,15.0,1.2,8.0,0.5
TUENSANG,Mountain,7.0,150.0,35.0,180.0,3.52,1.5,15.0,1.2,8.0,0.5
WOKHA,Mountain,7.0,150.0,35.0,180.0,3.52,1.5,15.0,1.2,8.0,0.5
ZUNHEBOTO,Mountain,7.0,150.0,35.0,180.0,3.52,1.5,15.0,1.2,8.0,0.5
CHANDIGARH,Alluvial,7.0,150.0,35.0,180.0,0.6,1.5,15.0,1.2,8.0,0.5
ANUGUL,Red,6.5,21500.0,35.0,180.0,0.6,1.5,15.0,1.2,8.0,0.5
BALANGIR,Red,6.5,21500.0,35.0,180.0,0.6,1.5,15.0,1.2,8.0,0.5
BALESHWAR,Red,6.5,21500.0,35.0,180.0,0.6,1.5,15.0,1.2,8.0,0.5
BARGARH,Red,6.5,21500.0,35.0,180.0,0.6,1.5,15.0,1.2,8.0,0.5
BHADRAK,Red,6.5,21500.0,35.0,180.0,0.6,1.5,15.0,1.2,8.0,0.5
BOUDH,Red,6.5,21500.0,35.0,180.0,0.6,1.5,15.0,1.2,8.0,0.5
CUTTACK,Red,6.5,21500.0,35.0,180.0,0.6,1.5,15.0,1.2,8.0,0.5
DEOGARH,Red,6.5,21500.0,35.0,180.0,0.6,1.5,15.0,1.2,8.0,0.5
DHENKANAL,Red,6.5,21500.0,35.0,180.0,0.6,1.5,15.0,1.2,8.0,0.5
GAJAPATI,Red,6.5,21500.0,35.0,180.0,0.6,1.5,15.0,1.2,8.0,0.5
GANJAM,Red,6.5,21500.0,35.0,180.0,0.6,1.5,15.0,1.2,8.0,0.5
JAGATSINGHAPUR,Red,6.5,21500.0,35.0,180.0,0.6,1.5,15.0,1.2,8.0,0.5
JAJAPUR,Red,6.5,21500.0,35.0,180.0,0.6,1.5,15.0,1.2,8.0,0.5
JHARSUGUDA,Red,6.5,21500.0,35.0,180.0,0.6,1.5,15.0,1.2,8.0,0.5
KALAHANDI,Red,6.5,21500.0,35.0,180.0,0.6,1.5,15.0,1.2,8.0,0.5
KANDHAMAL,Red,6.5,21500.0,35.0,180.0,0.6,1.5,15.0,1.2,8.0,0.5
KENDRAPARA,Red,6.5,21500.0,35.0,180.0,0.6,1.5,15.0,1.2,8.0,0.5
KENDUJHAR,Red,6.5,21500.0,35.0,180.0,0.6,1.5,15.0,1.2,8.0,0.5
KHORDHA,Red,6.5,21500.0,35.0,180.0,0.6,1.5,15.0,1.2,8.0,0.5
KORAPUT,Red,6.5,21500.0,35.0,180.0,0.6,1.5,15.0,1.2,8.0,0.5
MALKANGIRI,Red,6.5,21500.0,35.0,180.0,0.6,1.5,15.0,1.2,8.0,0.5
MAYURBHANJ,Red,6.5,21500.0,35.0,180.0,0.6,1.5,15.0,1.2,8.0,0.5
NABARANGPUR,Red,6.5,21500.0,35.0,180.0,0.6,1.5,15.0,1.2,8.0,0.5
NAYAGARH,Red,6.5,21500.0,35.0,180.0,0.6,1.5,15.0,1.2,8.0,0.5
NUAPADA,Red,6.5,21500.0,35.0,180.0,0.6,1.5,15.0,1.2,8.0,0.5
PURI,Red,6.5,21500.0,35.0,180.0,0.6,1.5,15.0,1.2,8.0,0.5
RAYAGADA,Red,6.5,21500.0,35.0,180.0,0.6,1.5,15.0,1.2,8.0,0.5
SAMBALPUR,Red,6.5,21500.0,35.0,180.0,0.6,1.5,15.0,1.2,8.0,0.5
SONEPUR,Red,6.5,21500.0,35.0,180.0,0.6,1.5,15.0,1.2,8.0,0.5
SUNDARGARH,Red,6.5,21500.0,35.0,180.0,0.6,1.5,15.0,1.2,8.0,0.5
